SampleID,Genus/Species,Sex,Mass(kg),Mean_Mass(kg),Citation
AfElphSD4,Loxodonta africana,Male,2696,,https://www.science.smith.edu/departments/Biology/VHAYSSEN/msi/pdf/i0076-3519-092-01-0001.pdf
AfElphSD4,,Female,5374,4035,https://www.science.smith.edu/departments/Biology/VHAYSSEN/msi/pdf/i0076-3519-092-01-0001.pdf
Armadillo,Tolypeutes matacus,,1.2,1.2,https://academic.oup.com/jmammal/article/101/6/1692/5922487
BaboonSTL,Papio hamadryas,Male,23.5,,https://elifesciences.org/articles/50989
BaboonSTL,,Female,12.5,18,https://elifesciences.org/articles/50989
BigHornSD,Ovis canadensis,,,67.13,https://www.nature.com/articles/6885430/tables/2
BlackBr2,Ursus americanus,,,175,https://www.nrs.fs.usda.gov/pubs/jrnl/2007/nrs_2007_trani_007.pdf
BlackLemur,Eulemur macaco macaco,,2.04,2.04,"Bauchot, R., & Stephan, H. (1966). Données nouvelles sur l’encéphalisation des"
BlackRhino1,Diceros bicornis,Male,989.5,,https://www.science.smith.edu/departments/Biology/VHAYSSEN/msi/pdf/i0076-3519-455-01-0001.pdf
BlackRhino1,,Female,983.65,986.575,https://www.science.smith.edu/departments/Biology/VHAYSSEN/msi/pdf/i0076-3519-455-01-0001.pdf
BushDog1,Speothos venaticus,,,5.5,https://www.sciencedirect.com/science/article/abs/pii/S0006320708002644
CRBM.05,,,,NaN,
Callimicos ,Callimico goeldii,,,0.557,https://www.sciencedirect.com/science/article/abs/pii/S1095643303000771
Capybara,Hydrochaeris hydrochaeris,,,55,https://www.ncbi.nlm.nih.gov/pmc/articles/PMC8402786/
Chimp1,Pan troglodytes,Male,62.51,,https://www.ncbi.nlm.nih.gov/pmc/articles/PMC7685522/#!po=39.2857
Chimp1,,Female,59.62,61.065,https://www.ncbi.nlm.nih.gov/pmc/articles/PMC7685522/#!po=39.2857
Colobus,Colobus guerza,,,10.28125,"Boddy, A. M., McGowen, M. R., Sherwood, C. C., Grossman, L. I., Goodman, M., & Wildman, D. E. (2012). Comparative analysis of encephalization in mammals reveals relaxed constraints on anthropoid primate and cetacean brain scaling. Journal of evolutionary biology, 25(5), 981-994."
Echidna,Tachyglossidae aculeatus,,,3.43,"Dawson, Grant, & Fanning, 1979. Standard Metabolism of Monotremes and the Evolution of Homeothermy"
Gazelle3,Gazella spekei,,,12.75,https://www.zora.uzh.ch/id/eprint/111449/9/MD_MammBiol_Gazelles_150518_mc.pdf
Giraffe2,Giraffa camelopardalis reticulata,Male,1400,,https://www.ncbi.nlm.nih.gov/pmc/articles/PMC7151920/
Giraffe2,,Female,950,1175,https://www.ncbi.nlm.nih.gov/pmc/articles/PMC7151920/
GorillaSTL,Gorilla gorilla,,120.975,,"Boddy, A. M., McGowen, M. R., Sherwood, C. C., Grossman, L. I., Goodman, M., & Wildman, D. E. (2012). Comparative analysis of encephalization in mammals reveals relaxed constraints on anthropoid primate and cetacean brain scaling. Journal of evolutionary biology, 25(5), 981-994."
GorillaSTL,Gorilla gorilla,,181,150.9875,"Crile, G., & Quiring, D. P. (1940). A record of the body weight and certain organ and gland weights of 3690 animals. Ohio Journal of Science"
Horse1,Equus equus,,,250,https://www.science.smith.edu/departments/Biology/VHAYSSEN/msi/pdf/i0076-3519-628-01-0001.pdf
Hyena2,Crocuta crocuta,,,62.37,"Crile, G., & Quiring, D. P. (1940). A record of the body weight and certain organ and gland weights of 3690 animals. Ohio Journal of Science"
HyraxSTL,Procavia capensis,,0.6,,"Warnke, P. (1908). Mitteilung neuer Gehirn-und Körpergewichtsbestimmungen bei Saugern. J. Psychol. Neurol., 13, 355-403."
HyraxSTL,Procavia capensis,,1.26,0.93,"Warnke, P. (1908). Mitteilung neuer Gehirn-und Körpergewichtsbestimmungen bei Saugern. J. Psychol. Neurol., 13, 355-403."
Kroo3,Macropus rufus,,,44.841,"Ashwell, K. W. S. (2008). Encephalization of Australian and New Guinean marsupials. Brain, Behavior and Evolution, 71(3), 181-199"
Lion1,Panthera leo,,,84," *Warnke, P. (1908). Mitteilung neuer Gehirn-und Körpergewichtsbestimmungen bei Saugern. J. Psychol. Neurol., 13, 355-403."
Okapi2,Okapia johnstoni,,,250,https://www.ncbi.nlm.nih.gov/pmc/articles/PMC7151920/
Orang1,Pongo pygmaeus abelii,,,54.22904,"Boddy, A. M., McGowen, M. R., Sherwood, C. C., Grossman, L. I., Goodman, M., & Wildman, D. E. (2012). Comparative analysis of encephalization in mammals reveals relaxed constraints on anthropoid primate and cetacean brain scaling. Journal of evolutionary biology, 25(5), 981-994."
PolarBr2,Ursus maritimus,Male,199.57,,"Crile, G., & Quiring, D. P. (1940). A record of the body weight and certain organ and gland weights of 3690 animals. Ohio Journal of Science"
PolarBr2,Ursus maritimus,Female,317,258.285,"Crile, G., & Quiring, D. P. (1940). A record of the body weight and certain organ and gland weights of 3690 animals. Ohio Journal of Science"
RTLemur,Lemur catta,,,2.8,https://bioone.org/journals/mammalian-species/volume-42/issue-1/854.1/Lemur-catta-Primates-Lemuridae/10.1644/854.1.full
Rabbit,Oryctolagus cuniculus ,,2.844,,"Warnke, P. (1908). Mitteilung neuer Gehirn-und Körpergewichtsbestimmungen bei Saugern. J. Psychol. Neurol., 13, 355-403."
Rabbit,Oryctolagus cuniculus ,,2.217,,"Warnke, P. (1908). Mitteilung neuer Gehirn-und Körpergewichtsbestimmungen bei Saugern. J. Psychol. Neurol., 13, 355-403."
Rabbit,Oryctolagus cuniculus ,,0.622,1.894333333,"Warnke, P. (1908). Mitteilung neuer Gehirn-und Körpergewichtsbestimmungen bei Saugern. J. Psychol. Neurol., 13, 355-403."
Saki,Pithecia pithecia,Male,2,,https://www.jzar.org/jzar/article/view/46/40
Saki,Pithecia pithecia,Female,1.5,1.75,https://www.jzar.org/jzar/article/view/46/40
SpecBr2,Tremarctos ornatus,Male,137.5,,https://www.jzar.org/jzar/article/view/181/112
SpecBr2,Tremarctos ornatus,Female,71,104.25,https://www.jzar.org/jzar/article/view/181/112
SpgbkW,Antidorcas marsupialis,Male,41,,https://watermark.silverchair.com/753-1.pdf?token=AQECAHi208BE49Ooan9kkhW_Ercy7Dm3ZL_9Cf3qfKAc485ysgAAAuAwggLcBgkqhkiG9w0BBwagggLNMIICyQIBADCCAsIGCSqGSIb3DQEHATAeBglghkgBZQMEAS4wEQQMOxfiiPuTkFYhIvJbAgEQgIICk8NHDFkuqVAl1XlSxPaiopsuLbcC7M4T6vtUcpcH-NjeY4RbdKdemGlyZ7CiDotOo-6IVItUWLf0RgTA5meRlzGuyR41io3REZm2T13bVor6hQaDA92nNaZ57jVKx39cwlrYq2y31EMWQgeSTRtcO_DEdc4AB0oVD0B4WBmfZbjzTDO2BQXrB_eHM6CGd7gb7m4ypUFHL0fs3MWpT83OLAnjoQHTHukU8FNC33Ve0M-EfsJtp7EYALyQDoKztRnRia5aLt9vZNVI4Pc7gIJ9SVqCSAWpPbenvHFf-rjJW9dqsyCOj12fNpAR_EfDwNNUms5mlQiPJcOTKmkFQI1B88clPOL8FzWHg452NhmlkC_w1UAM0jEkon5qf4Pn9q4ZBooolqMGhxwAhFW579K6oipQN2_gMtl0FIUmcGyQ53dgTm5B5rLGTMxYTn8Q1fpXFKf_hBzSq1LWs1WvpiRCVUPbuMkMWP5nDRQAnp5_NPm0ukP8y41QU5TGwBWrJEF_YTzWjYEJiRDB0tvKXOULD_UGVoZiL40Ee4HHx6ouwPML8pL8yn-HjndQiTxSSLHT8MxEI82xTkpNWFdd64-45JcXn42dP-COPnx9h4G9frcpNC_m1tFuYgFrFzdQe-g1zUsxZtO81W6_q6K9tJMkKHK5CpXq2LM079lCS0kPgf3UEpXlYjb83QLas-5tnYhkevhczKjgjB7dv1xP5nKkFNaqlur7SBkVqBwz0k0If-JALCG33sZQsdH2LUKUozGKM7ZE34aueEHsYPP3DTYj5xOUrDLv-KgowtMnR2OwxymjFuns3OW6ImU_ewi9twTtGddDWQhHuQkcCqHHgHAzRlVDLgn-E65FiqOQpLLJFElRpt_j
SpgbkW,,Female,37,39,https://watermark.silverchair.com/753-1.pdf?token=AQECAHi208BE49Ooan9kkhW_Ercy7Dm3ZL_9Cf3qfKAc485ysgAAAuAwggLcBgkqhkiG9w0BBwagggLNMIICyQIBADCCAsIGCSqGSIb3DQEHATAeBglghkgBZQMEAS4wEQQMOxfiiPuTkFYhIvJbAgEQgIICk8NHDFkuqVAl1XlSxPaiopsuLbcC7M4T6vtUcpcH-NjeY4RbdKdemGlyZ7CiDotOo-6IVItUWLf0RgTA5meRlzGuyR41io3REZm2T13bVor6hQaDA92nNaZ57jVKx39cwlrYq2y31EMWQgeSTRtcO_DEdc4AB0oVD0B4WBmfZbjzTDO2BQXrB_eHM6CGd7gb7m4ypUFHL0fs3MWpT83OLAnjoQHTHukU8FNC33Ve0M-EfsJtp7EYALyQDoKztRnRia5aLt9vZNVI4Pc7gIJ9SVqCSAWpPbenvHFf-rjJW9dqsyCOj12fNpAR_EfDwNNUms5mlQiPJcOTKmkFQI1B88clPOL8FzWHg452NhmlkC_w1UAM0jEkon5qf4Pn9q4ZBooolqMGhxwAhFW579K6oipQN2_gMtl0FIUmcGyQ53dgTm5B5rLGTMxYTn8Q1fpXFKf_hBzSq1LWs1WvpiRCVUPbuMkMWP5nDRQAnp5_NPm0ukP8y41QU5TGwBWrJEF_YTzWjYEJiRDB0tvKXOULD_UGVoZiL40Ee4HHx6ouwPML8pL8yn-HjndQiTxSSLHT8MxEI82xTkpNWFdd64-45JcXn42dP-COPnx9h4G9frcpNC_m1tFuYgFrFzdQe-g1zUsxZtO81W6_q6K9tJMkKHK5CpXq2LM079lCS0kPgf3UEpXlYjb83QLas-5tnYhkevhczKjgjB7dv1xP5nKkFNaqlur7SBkVqBwz0k0If-JALCG33sZQsdH2LUKUozGKM7ZE34aueEHsYPP3DTYj5xOUrDLv-KgowtMnR2OwxymjFuns3OW6ImU_ewi9twTtGddDWQhHuQkcCqHHgHAzRlVDLgn-E65FiqOQpLLJFElRpt_j
Squirrel,Callosciurus prevostii,,,0.415666667,https://academic.oup.com/mspecies/article/49/945/40/3866670
Urial2,Ovis orientalis arkal,Male,65,,https://citeseerx.ist.psu.edu/document?repid=rep1&type=pdf&doi=dc63a98f5549ab973dbb9556c7fb3b3e41962039
Urial2,,Female,57,61,https://citeseerx.ist.psu.edu/document?repid=rep1&type=pdf&doi=dc63a98f5549ab973dbb9556c7fb3b3e41962039
VWPig,Sus cebifons,,,30,https://www.ncbi.nlm.nih.gov/pmc/articles/PMC9178973/
ZebraSTL1,Equus greyvi,,,385.8,https://www.frontiersin.org/articles/10.3389/fevo.2021.622412/full#F2